Name,positive_ratio,total_reviews
Yama no Susume Third Season,0.5,6
Uma Musume: Pretty Derby Season 3,0.5,6
Yuuki Bakuhatsu Bang Bravern,0.5,20
Tonikaku Kawaii 2nd Season,0.6785714285714286,28
Top wo Nerae 2! Diebuster,0.6206896551724138,29
Asobi Asobase Specials,0.75,4
Ani ni Tsukeru Kusuri wa Nai! 4,0.5,4
BanG Dream! Morfonication,1.0,1
Digimon Adventure Movie,0.75,12
Doraemon Movie 27: Nobita no Shin Makai Daibouken - 7-nin no Mahoutsukai,0.5,2
Doraemon Movie 07: Nobita to Tetsujin Heidan,1.0,2
Dragon Ball Z Movie 12: Fukkatsu no Fusion!! Gokuu to Vegeta,0.625,16
White Album 2,0.6287878787878788,132
Fate/Grand Order: Shinsei Entaku Ryouiki Camelot 2 - Paladin; Agateram,0.5,14
Bokura no,0.5,90
Free! Movie 1: Timeless Medley - Kizuna,0.3333333333333333,3
Hakuouki Movie 1: Kyoto Ranbu,0.3333333333333333,9
Free! Dive to the Future,0.5128205128205128,39
Hanhua Riji 3rd Season,1.0,1
Hellsing: Digest for Freaks,0.0,1
Aikatsu Stars!,0.5,12
Ashita no Nadja,0.8571428571428571,7
Diamond no Ace OVA,0.0,1
Full Metal Panic!,0.4523809523809524,84
Chuuka Ichiban!,1.0,9
Hirano to Kagiura,0.6666666666666666,3
Fairy Tail: Final Series,0.5,70
Hana yori Dango,0.717391304347826,46
"Fuufu Ijou, Koibito Miman.",0.5932203389830508,118
Hoshiai no Sora,0.6372549019607843,102
Hourou Musuko Specials,1.0,1
Kuroko no Basket: Mou Ikkai Yarimasen ka,1.0,6
Kekkaishi,0.6571428571428571,35
Ongaku,0.6666666666666666,6
Persona 3 the Movie 3: Falling Down,0.5,8
"Ima, Soko ni Iru Boku",0.6551724137931034,87
Shin Tennis no Oujisama vs. Genius 10,0.0,3
Shinigami Bocchan to Kuro Maid 2nd Season,0.375,8
Kekkai Sensen,0.5985915492957746,142
Shinigami Bocchan to Kuro Maid,0.5555555555555556,54
Tennis no Oujisama: Another Story - Kako to Mirai no Message,1.0,1
Tensei shitara Slime Datta Ken: Coleus no Yume,0.2857142857142857,7
Soredemo Sekai wa Utsukushii,0.5753424657534246,73
Tensura Nikki: Tensei shitara Slime Datta Ken,0.6285714285714286,35
Yahari Ore no Seishun Love Comedy wa Machigatteiru. OVA,0.5,10
Tianbao Fuyao Lu,0.75,4
Uchuu Kyoudai: Number Zero,0.6666666666666666,3
Sword Art Online: Alicization - War of Underworld,0.46835443037974683,79
Yowamushi Pedal: Glory Line,0.4,10
World Trigger,0.5492957746478874,71
Akiba Meido Sensou,0.627906976744186,86
Wonder Egg Priority,0.51985559566787,277
Ao no Exorcist Movie,0.76,25
Arknights: Touin Kiro,0.4666666666666667,15
Akudama Drive,0.6956521739130435,207
BanG Dream! 2nd Season,0.5454545454545454,22
Birdie Wing: Golf Girls' Story Season 2,0.6842105263157895,19
Macross Δ Movie 2: Zettai Live!!!,0.6666666666666666,147
Shoujo☆Kageki Revue Starlight: Rondo Rondo Rondo,0.6666666666666666,123
Yume-iro Pâtissière SP Professional,0.4,270
Hakuouki: Sekkaroku,0.75,4
Code Geass: Hangyaku no Lelouch Special Edition - Black Rebellion,0.0,1
Doraemon Movie 26: Nobita no Kyouryuu 2006,1.0,3
Black Jack (TV),0.6,10
Date A Bullet: Dead or Bullet,0.4,15
Hibike! Euphonium Movie 1: Kitauji Koukou Suisougaku-bu e Youkoso,0.25,4
Boku no Hero Academia the Movie 3: World Heroes' Mission,0.46875,64
Initial D Battle Stage,0.0,2
Initial D: Project D to the Next Stage - Project D e Mukete,0.0,1
Love Live! Sunshine!! 2nd Season,0.56,25
Majo Minarai wo Sagashite,0.5,6
Kaguya-sama wa Kokurasetai? Tensai-tachi no Renai Zunousen OVA,0.4426229508196721,61
Momo e no Tegami,0.6111111111111112,18
Majin Tantei Nougami Neuro,0.6956521739130435,23
Shen Lan Qi Yu Wushuang Zhu: Tianmo Pian,0.0,0
Saint Seiya: Meiou Hades Elysion-hen,0.5,6
Romeo x Juliet,0.5979381443298969,97
Kidou Butouden G Gundam,0.5714285714285714,35
Meitantei Conan: Kuro no Soshiki to Taiketsu no Rekishi,0.0,0
Modern Love Tokyo: Kare ga Kanaderu Futari no Shirabe,0.75,4
Kara no Kyoukai Movie 1: Fukan Fuukei,0.5180722891566265,83
Naruto: Shippuuden - Sunny Side Battle,0.6666666666666666,3
One Piece: Episode of Luffy - Hand Island no Bouken,0.5,4
Radiant 2nd Season,0.46153846153846156,13
Re:Zero kara Hajimeru Isekai Seikatsu - Memory Snow,0.5862068965517241,29
Shixiong A Shixiong,0.5,2
Shouwa Genroku Rakugo Shinjuu: Yotarou Hourou-hen,0.5,2
Strike Witches Movie,0.8571428571428571,7
Senpai ga Uzai Kouhai no Hanashi,0.6551724137931034,58
Ranma ½: Yomigaeru Kioku,1.0,202
Watashi no Shiawase na Kekkon: Watashi no Shiawase na Katachi,0.5,2
Towa no Quon 6: Towa no Quon,1.0,1
Tsubasa Chronicle 2nd Season,0.5238095238095238,21
Ushio to Tora (TV),0.6666666666666666,21
"Yondemasu yo, Azazel-san.",0.0,0
Air Gear: Kuro no Hane to Nemuri no Mori - Break on the Sky,0.6,10
Tada-kun wa Koi wo Shinai,0.5631067961165048,103
Ajin Part 2,0.631578947368421,38
Ao Haru Ride OVA,0.8,5
Bishoujo Senshi Sailor Moon Eternal Movie 1,0.8,5
Candy Candy,0.875,8
Sword Art Online: Alicization,0.4878048780487805,164
COLORs,0.6666666666666666,6
Dragon Quest: Dai no Daibouken (TV),0.6666666666666666,3
Fukigen na Mononokean Tsuzuki,0.3333333333333333,3
Full Metal Panic! Invisible Victory,0.4444444444444444,27
GetBackers,0.68,25
Given Movie 2: Hiiragi Mix,0.0,0
Ga-Rei: Zero,0.6265060240963856,83
Hakumei to Mikochi: Neji to Bed to Irori to Bakuchi,0.6666666666666666,3
Gokushufudou Season 2,0.9,10
Aa! Megami-sama! Tatakau Tsubasa,0.6,5
Baka to Test to Shoukanjuu: Matsuri,0.38461538461538464,13
Biao Ren: Blades of the Guardians,0.6,5
Arakawa Under the Bridge,0.7037037037037037,81
Deaimon,0.8181818181818182,33
Dragon Ball Super: Super Hero,0.49230769230769234,65
Fairy Tail,0.642706131078224,473
Byousoku 5 Centimeter,0.6400817995910021,489
Yuru Camp△ Specials,0.5555555555555556,621
Higashi no Eden: Air Communication,0.0,1
Dragon Ball Z Special 1: Tatta Hitori no Saishuu Kessen,0.6363636363636364,11
Free! Dive to the Future - Soushun no Build-up!,0.6666666666666666,3
Higashi no Eden Movie II: Paradise Lost,0.2631578947368421,19
Hakuouki: Hekketsuroku,0.5238095238095238,21
Hokuto no Ken 2,0.5,8
Hokuto no Ken: Raoh Gaiden Gekitou-hen,1.0,1
InuYasha Movie 1: Toki wo Koeru Omoi,0.7777777777777778,9
Kiniro Mosaic: Thank You!!,0.6666666666666666,3
Kino no Tabi: The Beautiful World - Tou no Kuni - Free Lance,0.5714285714285714,7
Koutetsujou no Kabaneri Movie 1: Tsudou Hikari,0.0,2
Koutetsujou no Kabaneri Movie 2: Moeru Inochi,0.0,1
Isekai Nonbiri Nouka,0.7058823529411765,85
Kubo-san wa Mob wo Yurusanai,0.47368421052631576,38
Mahoutsukai no Yome: Nishi no Shounen to Seiran no Kishi,0.75,4
Log Horizon 2nd Season,0.34,50
MF Ghost,0.37142857142857144,35
Nanatsu no Taizai: Imashime no Fukkatsu,0.43103448275862066,58
New Game!,0.7948717948717948,78
Majo no Tabitabi,0.6503496503496503,143
Noein: Mou Hitori no Kimi e,0.6136363636363636,44
Ore wo Suki nano wa Omae dake ka yo: Oretachi no Game Set,0.6764705882352942,34
Pokemon: Mezase Pokemon Master,0.5,16
Pokemon (2019),0.6097560975609756,41
No.6,0.6067415730337079,178
Nisekoi,0.5691489361702128,188
Sand Land: The Series,1.0,8
Runway de Waratte,0.8095238095238095,63
Saijaku Tamer wa Gomi Hiroi no Tabi wo Hajimemashita.,0.7111111111111111,45
Heya Camp△: Sauna to Gohan to Sanrin Bike,0.75,344
Tamayura: More Aggressive,0.75,4
Tales of Vesperia: The First Strike,0.7272727272727273,11
Sengoku Basara Movie: The Last Party,0.5,4
Senjou no Valkyria,0.5384615384615384,52
Totsukuni no Shoujo,0.875,8
Yama no Susume Second Season,0.9166666666666666,12
Yowamushi Pedal Movie,0.5,6
Shoukoku no Altair,0.775,40
Totsukuni no Shoujo (2022),0.6190476190476191,21
Yuru Yuri,0.6166666666666667,60
Sword Art Online Movie: Ordinal Scale,0.6134020618556701,194
UFO Robo Grendizer,0.6666666666666666,6
Utawarerumono Specials,0.6,5
Angel Beats! Specials,0.5882352941176471,17
Tsurezure Children,0.8235294117647058,119
Baki: Dai Raitaisai-hen,0.375,24
Durarara!!x2 Ketsu: Dufufufu!!,0.0,1
Da Wang Rao Ming,0.5833333333333334,24
Chiyu Mahou no Machigatta Tsukaikata,0.5882352941176471,68
Fairy Tail Movie 2: Dragon Cry,0.3055555555555556,36
Garo Movie: Divine Flame,0.6666666666666666,3
Chuunibyou demo Koi ga Shitai! Ren,0.5132743362831859,113
Gugure! Kokkuri-san,0.6511627906976745,43
InuYasha Movie 4: Guren no Houraijima,0.5,4
Kaitou Saint Tail,0.5555555555555556,9
K: Return of Kings,0.5306122448979592,49
Kidou Keisatsu Patlabor the Movie,0.5333333333333333,15
Hataraku Saibou,0.6666666666666666,132
Kami no Tou,0.43526170798898073,363
Shuumatsu no Walküre II Part 2,0.5714285714285714,1092
Kidou Keisatsu Patlabor: New OVA,0.25,4
Mahou Sensei Negima!: Mou Hitotsu no Sekai,1.0,1
Minami-ke Okaeri,0.6363636363636364,11
Konjiki no Gash Bell!!,0.6875,16
Moyashimon,0.5789473684210527,19
Nijuu Mensou no Musume,0.5,10
Nodame Cantabile Finale OVA,1.0,1
Perrine Monogatari,0.6666666666666666,3
Pretty Rhythm: Rainbow Live,0.8333333333333334,12
Penguin Highway,0.6785714285714286,28
Ragna Crimson,0.5344827586206896,58
Planetarian: Chiisana Hoshi no Yume,0.5,50
Rurouni Kenshin: Meiji Kenkaku Romantan - Ishinshishi e no Chinkonka,0.2,10
Sentai Daishikkaku,0.5714285714285714,14
Shakugan no Shana II (Second),0.4864864864864865,37
Seitokai Yakuindomo,0.5360824742268041,97
Kakuriyo no Yadomeshi,0.6,50
Sakamoto desu ga?,0.6636363636363637,110
Kara no Kyoukai Remix: Gate of Seventh Heaven,0.25,4
Kidou Senshi Gundam 00 Special Edition,0.0,1
Kizumonogatari: Koyomi Vamp,1.0,1
Kindaichi Shounen no Jikenbo Returns,0.75,4
"Lupin III: Episode 0 ""First Contact""",1.0,2
Mutsu Enmei Ryuu Gaiden: Shura no Toki,0.6,10
Shin Tennis no Oujisama,0.5833333333333334,12
Re:Creators,0.5278969957081545,233
Shounen Onmyouji,0.9230769230769231,13
To LOVE-Ru Darkness 2nd Specials,0.0,2
Uchuu Senkan Yamato,0.6923076923076923,13
Sora no Otoshimono: Tokeijikake no Angeloid,0.56,25
Wakakusa Monogatari: Nan to Jo-sensei,0.6666666666666666,3
"Yondemasu yo, Azazel-san. Z",0.5,4
Watashi ni Tenshi ga Maiorita! Precious Friends,1.0,1
Xiuluo Wu Shen,1.0,2
Zhen Hun Jie,0.7272727272727273,11
Aa! Megami-sama! Sorezore no Tsubasa,0.5,16
Aikatsu! Movie,1.0,3
Aa! Megami-sama! Movie,0.7142857142857143,14
Afro Samurai Movie,1.0,7
Yamada-kun to 7-nin no Majo,0.6339285714285714,112
Bishoujo Senshi Sailor Moon SuperS: Sailor 9 Senshi Shuuketsu! Black Dream Hole no Kiseki,0.25,4
Darker than Black: Kuro no Keiyakusha - Sakura no Hana no Mankai no Shita,0.4444444444444444,9
Basilisk: Kouga Ninpou Chou,0.6875,64
Di Yi Xulie,1.0,2
Doraemon Movie 33: Nobita no Himitsu Dougu Museum,1.0,2
Doraemon Movie 40: Nobita no Shin Kyouryuu,1.0,3
Boku no Hero Academia the Movie 1: Futari no Hero,0.5526315789473685,76
Ginga Tetsudou 999 (Movie),0.8888888888888888,9
Gensoumaden Saiyuuki,0.5416666666666666,24
Gokushufudou Part 2,0.6923076923076923,13
Hungry Heart: Wild Striker,0.7272727272727273,11
Higashi no Eden Movie I: The King of Eden,0.36363636363636365,22
Jigoku Sensei Nube,0.4,5
Hinomaruzumou,0.6923076923076923,26
Black Jack 21,0.4,5
Dragon Ball Kai: Mirai ni Heiwa wo! Goku no Tamashii yo Eien ni,1.0,2
Drifters (OVA),0.0,2
Amaama to Inazuma,0.6976744186046512,86
Demi-chan wa Kataritai,0.7209302325581395,86
Dungeon ni Deai wo Motomeru no wa Machigatteiru Darou ka,0.5291666666666667,240
"Katekyou Hitman Reborn! Vongola Family Soutoujou! Vongola Shiki Shuugakuryokou, Kuru!!",1.0,1
Hakumei no Tsubasa,0.5714285714285714,7
Inu x Boku SS: Miketsukami-kun Henka/Switch/Omamagoto,1.0,3
Fanren Xiu Xian Chuan: Yan Jia Bao Dazhan,1.0,1
Giant Killing,0.5277777777777778,36
Kuroko no Basket: Baka ja Katenai no yo!,0.3333333333333333,6
Kanojo ga Koushaku-tei ni Itta Riyuu,0.5714285714285714,49
Mahou Shoujo Lyrical Nanoha: Detonation,0.0,3
Koukyuu no Karasu,0.7575757575757576,33
Mitsudomoe: Oppai Ippai Mama Genki,0.0,1
Nobunaga Concerto,0.6666666666666666,18
Patapata Hikousen no Bouken,1.0,3
Mashiro no Oto,0.7142857142857143,63
Princess Principal: Crown Handler Movie 1,0.2,5
Persona 3 the Movie 1: Spring of Birth,0.4444444444444444,27
Re:Zero kara Hajimeru Isekai Seikatsu - Hyouketsu no Kizuna - Manner Movie,0.5,2
Saki Achiga-hen: Episode of Side-A Specials,1.0,1
Shingeki no Kyojin: The Final Season Specials,0.6666666666666666,3
Slam Dunk: Shouhoku Saidai no Kiki! Moero Sakuragi Hanamichi,0.5,2
Net-juu no Susume,0.6739130434782609,138
So Ra No Wo To Specials,0.75,4
Taiho Shichau zo (TV),0.8333333333333334,6
So Ra No Wo To,0.5892857142857143,56
To LOVE-Ru Darkness OVA,0.4444444444444444,9
The Big O,0.7391304347826086,46
Tensei shitara Ken deshita,0.7125,80
Tonari no Seki-kun,0.775,40
Uchuu Patrol Luluco,0.6304347826086957,46
Yuuki Yuuna wa Yuusha de Aru: Washio Sumi no Shou 1 - Tomodachi,0.0,3
Star☆Twinkle Precure,0.7058823529411765,9622
Asobi Asobase: Cosplay Taikai/Otona no Watashi e,0.75,4
Wushen Zhuzai,0.14285714285714285,7
Zhu Xian,0.5,2
Shoubushi Densetsu Tetsuya,0.5,6
Un-Go: Inga-ron,1.0,2
Toaru Majutsu no Index II,0.4888888888888889,45
Cike Wu Liuqi Fanwai,1.0,6
Final Fantasy VII: Advent Children - Venice Film Festival Footage,0.0,0
Durarara!!x2 Ten: Onoroke Chakapoko,0.0,1
Hanhua Riji 2nd Season,1.0,1
Haikyuu!! Tokushuu! Haru-kou Volley ni Kaketa Seishun,0.5,2
Golgo 13 (TV),0.5217391304347826,23
Hidamari Sketch Specials,1.0,1
Hataraku Saibou Black,0.6595744680851063,47
Fugou Keiji: Balance:Unlimited,0.6106870229007634,131
Girls & Panzer,0.6571428571428571,140
Isshuukan Friends.,0.675,80
Kagami no Kojou,0.625,16
Irozuku Sekai no Ashita kara,0.6162790697674418,86
Jijou wo Shiranai Tenkousei ga Guigui Kuru.,0.8095238095238095,21
Karakai Jouzu no Takagi-san: Water Slide,0.5714285714285714,7
"Kuroshitsuji: Sono Shitsuji, Kougyou",0.8571428571428571,7
Mitsudomoe,0.6666666666666666,24
Metropolis,0.6666666666666666,42
Kemono Friends,0.59375,64
Mushoku Tensei II: Isekai Ittara Honki Dasu - Shugo Jutsushi Fitz,0.3684210526315789,19
One Piece Movie 04: Dead End no Bouken,0.6428571428571429,14
Itai no wa Iya nanode Bougyoryoku ni Kyokufuri Shitai to Omoimasu.,0.6510416666666666,192
One Punch Man 2nd Season,0.3080357142857143,224
Kimagure Orange☆Road,0.7491201608848668,1989
Kiniro Mosaic: Pretty Days,0.3333333333333333,6
Poputepipikku 2nd Season,0.5,8
Overtake!,0.4857142857142857,35
Over Drive,0.7407407407407407,27
R.O.D: The TV,0.6,25
"Maou no Ore ga Dorei Elf wo Yome ni Shitanda ga, Dou Medereba Ii?",0.6363636363636364,22
Ojiisan no Lamp,0.75,12
Oban Star-Racers,0.8125,16
NieR:Automata Ver1.1a,0.5333333333333333,45
Re:Zero kara Hajimeru Isekai Seikatsu - Memory Snow - Manner Movie,0.0,3
Slam Dunk: Zenkoku Seiha Da! - Sakuragi Hanamichi,1.0,1
Persona 4 the Animation,0.6438356164383562,73
Tiger & Bunny 2 Part 2,0.6666666666666666,3
To LOVE-Ru Darkness 2nd OVA,0.0,2
Shiroi Suna no Aquatope,0.7083333333333334,72
Towa no Quon 4: Guren no Shoushin,1.0,2
Toriko,0.631578947368421,19
Uchuu Senkan Yamato 2205: Aratanaru Tabidachi,0.6666666666666666,3
Tsubasa Chronicle,0.4583333333333333,48
Utawarerumono: Futari no Hakuoro,0.6666666666666666,3
Voy@ger,1.0,1
Xingchen Bian,0.75,4
Yao Shen Ji 3rd Season,0.0,0
"Yondemasu yo, Azazel-san. (TV)",0.42857142857142855,14
"Donten ni Warau Gaiden: Shukumei, Soutou no Fuuma",1.0,1
Casshern Sins,0.40963855421686746,83
Precure All Stars Movie DX3: Mirai ni Todoke! Sekai wo Tsunagu☆Nijiiro no Hana,0.5,598
Zombieland Saga,0.6511627906976745,129
Yu☆Gi☆Oh! The Dark Side of Dimensions,0.6993006993006993,143
Baka to Test to Shoukanjuu,0.5507246376811594,138
Hello! Lady Lynn,1.0,1
Golden Kamuy 2nd Season OVA,1.0,2
Fushigi no Umi no Nadia,0.6333333333333333,30
Hayate no Gotoku!,0.75,32
Heroic Age,0.7916666666666666,48
Fullmetal Alchemist: The Conqueror of Shamballa,0.58,50
Hoozuki no Reitetsu 2nd Season OVA,0.0,0
Huyao Xiao Hongniang: Wangquan Fugui,0.0,1
Ike! Ina-chuu Takkyuu-bu,0.4444444444444444,9
Aa! Megami-sama! (TV) Specials,0.8,5
Hybrid Child,0.8148148148148148,27
Arslan Senki (TV): Fuujin Ranbu,0.5555555555555556,9
Hoshi wo Ou Kodomo,0.5645161290322581,62
Bai Yao Pu 2nd Season,0.0,0
City Hunter: Goodbye My Sweetheart,0.0,1
Bleach Movie 3: Fade to Black - Kimi no Na wo Yobu,0.5,24
Bakuten!!,0.7878787878787878,33
Birdie Wing: Golf Girls' Story,0.6363636363636364,44
D-Frag!,0.5555555555555556,72
Fantastic Children,0.7333333333333333,15
Kappa no Coo to Natsuyasumi,0.875,8
Densetsu no Yuusha no Densetsu,0.4875,80
Lord El-Melloi II Sei no Jikenbo: Rail Zeppelin Grace Note Special,0.6666666666666666,6
Meitantei Conan Magic File 2: Kudou Shinichi Nazo no Kabe to Kuro Lab Jiken,1.0,1
"Loop 7-kaime no Akuyaku Reijou wa, Moto Tekikoku de Jiyuu Kimama na Hanayome Seikatsu wo Mankitsu suru",0.6,55
Flying Witch,0.8571428571428571,77
Meitantei Conan OVA 04: Conan to Kid to Crystal Mother,1.0,3
Ningen Shikkaku: Director's Cut-ban,1.0,1
Hello World,0.6413043478260869,92
Sengoku Basara Ni,0.8,5
Shounan Bakusouzoku,1.0,3
Wakaokami wa Shougakusei! Movie,0.7857142857142857,14
Shion no Ou,0.9411764705882353,17
Shakugan no Shana III (Final),0.4576271186440678,59
Yao Shen Ji 5th Season,0.0,0
Yong Sheng: Shi Nian Zhi Yue,1.0,1
Shin Tennis no Oujisama Specials,0.0,0
Special A,0.6413043478260869,92
Shine Post,0.6666666666666666,12
Tasogare Otome x Amnesia: Taima Otome,0.2,5
Sugar Sugar Rune,0.7391304347826086,23
Tensei shitara Slime Datta Ken OVA,0.6923076923076923,13
Yawara!,0.42857142857142855,7
Zipang,0.6,15
Aa! Megami-sama! Sorezore no Tsubasa Specials,0.5,2
Sword Art Online: Alicization - War of Underworld 2nd Season,0.4074074074074074,135
Area 88,0.6086956521739131,23
Bobobo-bo Bo-bobo,0.6071428571428571,28
Charlotte: Tsuyoimono-tachi,0.5294117647058824,17
Chuunibyou demo Koi ga Shitai! Kirameki no... Slapstick Noel,0.875,8
Doraemon Movie 28: Nobita to Midori no Kyojin Den,1.0,2
Denpa-teki na Kanojo,0.4782608695652174,46
Ensemble Stars!! Tsuioku Selection Element,0.0,0
Futari-bun no Shoumei,0.0,0
Gintama: Monster Strike-hen,1.0,1
Ao no Exorcist,0.5947712418300654,306
Gochuumon wa Usagi desu ka?,0.6190476190476191,42
Yu☆Gi☆Oh! Duel Monsters,0.7504702194357367,1595
Fate/kaleid liner Prisma☆Illya 3rei!!,0.5714285714285714,497
Shuumatsu no Walküre II,0.6666666666666666,1656
Kaichou wa Maid-sama!: Omake da yo!,0.42857142857142855,7
Initial D Battle Stage 3,0.25,4
Grappler Baki: Saidai Tournament-hen,0.6666666666666666,15
Hello!! Kiniro Mosaic,0.7857142857142857,14
Ling Qi 2,0.5384615384615384,13
Kidou Senkan Nadesico,0.6086956521739131,23
Hellsing,0.56,100
Love Live! Nijigasaki Gakuen School Idol Doukoukai,0.64,50
Kono Subarashii Sekai ni Bakuen wo!,0.4444444444444444,72
Macross Zero,0.9,10
Minami-ke Betsubara,1.0,2
Magic Knight Rayearth II,1.0,5
"Momoko, Kaeru no Uta ga Kikoeru yo.",0.8571428571428571,7
Nanatsu no Taizai OVA,0.75,8
Nanbaka 2,0.4375,16
One Piece: Heart of Gold,0.4444444444444444,9
PriPara,0.8571428571428571,7
KanColle Movie,0.6,10
Konohana Kitan,0.7380952380952381,42
Owari no Seraph,0.47738693467336685,199
Koi wa Ameagari no You ni,0.7478991596638656,119
Ryuu to Sobakasu no Hime,0.48295454545454547,176
Ling Long: Incarnation Part 2,0.25,4
Kore wa Zombie desu ka? of the Dead,0.3,30
Madang-eul Naon Amtalg,0.6666666666666666,6
Meitantei Conan Magic File 4: Osaka Okonomiyaki Odyssey,0.5,2
Madogiwa no Totto-chan,1.0,3
Little Busters!,0.5507246376811594,69
Heppoko Jikken Animation Excel♥Saga,0.40105540897097625,1137
Ranma ½: Akumu! Shunmin Kou,1.0,48
Persona 4 the Animation: No One is Alone,0.0,2
Tanoshii Muumin Ikka Bouken Nikki,0.6666666666666666,3
Sora no Aosa wo Shiru Hito yo,0.5952380952380952,42
Towa no Quon 5: Souzetsu no Raifuku,1.0,1
Sarazanmai,0.7846153846153846,65
Wangan Midnight,0.55,20
Tensei Oujo to Tensai Reijou no Mahou Kakumei,0.4835164835164835,91
Xian Wang de Richang Shenghuo 4,1.0,3
Yong Sheng,0.25,4
Be-Bop Highschool,0.6,5
Shinchou Yuusha: Kono Yuusha ga Ore Tueee Kuse ni Shinchou Sugiru,0.6298701298701299,154
Ani ni Tsukeru Kusuri wa Nai!,0.7391304347826086,23
Boku ga Aishita Subete no Kimi e,0.8,20
Da Yu Hai Tang (Movie),0.6666666666666666,33
Demi-chan wa Kataritai: Demi-chan no Natsuyasumi,0.5,4
Doraemon Movie 37: Nobita no Nankyoku Kachikochi Daibouken,0.25,4
Dead Mount Death Play Part 2,0.3076923076923077,13
Air Gear,0.6460176991150443,113
"Haikara-san ga Tooru Movie 1: Benio, Hana no 17-sai",0.42857142857142855,7
Hibike! Euphonium: Kakedasu Monaka,0.5,6
JoJo no Kimyou na Bouken,0.47619047619047616,21
Hitoribocchi no Marumaru Seikatsu,0.6545454545454545,55
"Ijiranaide, Nagatoro-san 2nd Attack",0.7755102040816326,49
Bai She II: Qing She Jie Qi,1.0,3
Bai She: Yuan Qi,0.75,4
City Hunter Movie: Shinjuku Private Eyes,0.8571428571428571,7
Acchi Kocchi,0.7115384615384616,104
Donten ni Warau,0.7,30
Akame ga Kill!,0.5015015015015015,666
Another,0.624048706240487,657
Fate/stay night: Unlimited Blade Works 2nd Season - Sunny Day,0.6,10
Hokuto no Ken Zero: Kenshirou Den,1.0,3
Gundam Build Divers Re:Rise 2nd Season,0.9,10
Honzuki no Gekokujou: Shisho ni Naru Tame ni wa Shudan wo Erandeiraremasen OVA,1.0,3
High School DxD New,0.6129032258064516,62
Isekai Izakaya: Koto Aitheria no Izakaya Nobu,0.6666666666666666,15
Isekai Quartet Movie: Another World,0.75,8
Grisaia no Kajitsu,0.4444444444444444,108
Jashin-chan Dropkick',1.0,8
Koukaku Kidoutai Arise: Ghost in the Shell - Border:2 Ghost Whispers,0.75,4
Kamisama no Memochou,0.5306122448979592,49
Major 2nd 2nd Season,0.625,8
Junjou Romantica,0.6103896103896104,77
Kyoukaisenjou no Horizon II,0.4782608695652174,23
Miira no Kaikata,0.9354838709677419,31
Psycho-Pass: Sinners of the System Case.2 - First Guardian,0.5,12
Pokemon Generations,1.0,8
Oemojisangjuui,0.5492957746478874,71
Shen Lan Qi Yu Wushuang Zhu,1.0,2
Sekaiichi Hatsukoi: Propose-hen,0.3333333333333333,3
Shinryaku!! Ika Musume,0.75,4
Saenai Heroine no Sodatekata,0.576271186440678,118
Shinryaku!? Ika Musume,0.5,10
Shinseiki Evangelion Movie: Shi to Shinsei,0.25,16
"Suteki desu wa, Sakura-chan! Tomoyo no Cardcaptor Sakura Katsuyaku Video Nikki!",1.0,4
Waga Seishun no Arcadia,0.5714285714285714,7
Xue Ying Ling Zhu 2nd Season,0.0,0
Elfen Lied,0.5245398773006135,652
Saint☆Oniisan,0.5714285714285714,826
Yuru Camp△ Season 2 Specials,0.75,212
Tennis no Oujisama: Another Story II - Ano Toki no Bokura,0.0,1
The iDOLM@STER: 765 Pro to Iu Monogatari,0.0,1
Shokugeki no Souma: Ni no Sara OVA,0.8333333333333334,6
Shuumatsu Train Doko e Iku?,0.875,8
Sugar Apple Fairy Tale,0.6545454545454545,55
Xingchen Bian: Xingchen Yao Hai,1.0,1
Xiao Lu He Xiao Lan,0.7142857142857143,7
Yowamushi Pedal: Spare Bike,0.5,2
Youjo Senki: Sabaku no Pasta Daisakusen,0.5384615384615384,13
Acchi Kocchi: Place=Princess,0.3333333333333333,3
Zettai Karen Children: The Unlimited - Hyoubu Kyousuke,0.8518518518518519,27
Aikatsu!,0.6818181818181818,22
Angel Densetsu,0.6538461538461539,26
Bai Yao Pu 4th Season,1.0,1
Tonari no Kaibutsu-kun,0.6243654822335025,197
Benghuai: Xing Qiong Tiedao - Fei Guang,0.0,0
Boku no Hero Academia the Movie 2: Heroes:Rising - Epilogue Plus - Yume wo Genjitsu ni,1.0,2
Burn the Witch #0.8,1.0,7
Carnival Phantasm EX Season,0.6666666666666666,3
Crayon Shin-chan Movie 18: Chou Jikuu! Arashi wo Yobu Ora no Hanayome,1.0,1
Da Zhu Zai Nian Fan,1.0,1
Amagi Brilliant Park,0.7142857142857143,140
Fairy Tail OVA,0.625,8
Fullmetal Alchemist: Brotherhood - 4-koma Gekijou,1.0,5
Future GPX Cyber Formula Sin,0.0,0
Furiko,0.8333333333333334,12
Dungeon ni Deai wo Motomeru no wa Machigatteiru Darou ka III,0.4864864864864865,74
Grappler Baki (TV),0.7096774193548387,31
Hanbun no Tsuki ga Noboru Sora,0.7567567567567568,37
Itsudatte Bokura no Koi wa 10 cm Datta.,0.7209302325581395,43
Kui Cheng Shoufu Cong Youxi Kaishi,1.0,2
Kaleido Star: Aratanaru Tsubasa - Extra Stage,0.0,2
Meng Qi Shi Shen: Huanxi Zhui Hun,1.0,2
Kamikaze Kaitou Jeanne,0.5333333333333333,15
Mahouka Koukou no Rettousei Movie: Hoshi wo Yobu Shoujo,0.3333333333333333,24
Kamonohashi Ron no Kindan Suiri,0.6071428571428571,28
Naruto: Shippuuden Movie 5 - Blood Prison,0.35294117647058826,17
Orange: Mirai,0.5,20
Paniponi Dash!: Danjite Okonaeba Kishin mo Kore wo Saku,0.5,2
Ouritsu Uchuugun: Honneamise no Tsubasa,0.6666666666666666,21
Oushitsu Kyoushi Heine,0.8205128205128205,39
Sayonara Zetsubou Sensei Special,1.0,2
Senki Zesshou Symphogear G,0.75,16
Kara no Kyoukai Movie 6: Boukyaku Rokuon,0.3333333333333333,12
Kara no Kyoukai Movie: Mirai Fukuin - Extra Chorus,1.0,2
Kengan Ashura,0.5,38
Kyuuketsuki Sugu Shinu 2,0.3333333333333333,6
Otome Game no Hametsu Flag shika Nai Akuyaku Reijou ni Tensei shiteshimatta...,0.5751633986928104,153
Lady Lady!!,1.0,1
Kishuku Gakkou no Juliet,0.6909090909090909,55
Mahoutsukai Precure! Movie: Kiseki no Henshin! Cure Mofurun!,0.0,0
Mini Dragon Specials,0.0,1
New Initial D Movie: Battle Digest,0.0,0
Magic Knight Rayearth,0.5416666666666666,24
Ojamajo Doremi Sharp,1.0,2
Senki Zesshou Symphogear GX,0.3333333333333333,9
Shokugeki no Souma: San no Sara - Kyokuseiryou no Erina,0.25,4
Saki,0.5625,32
Shigofumi,0.7419354838709677,31
"Kumo desu ga, Nani ka?",0.4591439688715953,257
Vinland Saga Season 2: Drowning in the Shadow,0.6666666666666666,3
Sidonia no Kishi: Ai Tsumugu Hoshi,0.625,8
Taiho Shichau zo,0.625,8
Suzumiya Haruhi-chan no Yuuutsu,0.6363636363636364,11
Soredemo Machi wa Mawatteiru,0.5,24
Yozakura Quartet: Tsuki ni Naku,0.5,2
Yozakura Quartet: Hana no Uta,0.42105263157894735,19
Captain Tsubasa: Road to 2002,1.0,5
Angel Beats! Another Epilogue,0.5714285714285714,28
Suisei no Gargantia,0.591304347826087,115
Code Geass: Boukoku no Akito 2 - Hikisakareshi Yokuryuu,0.42857142857142855,7
Crayon Shin-chan Movie 10: Arashi wo Yobu Appare! Sengoku Daikassen,1.0,1
Chio-chan no Tsuugakuro,0.5769230769230769,26
Da Li Si Rizhi 2nd Season,0.3333333333333333,3
Hetalia: The Beautiful World Specials,0.0,0
Dungeon ni Deai wo Motomeru no wa Machigatteiru Darou ka Movie: Orion no Ya,0.35,20
Do It Yourself!!,0.7924528301886793,53
Hime-chan no Ribbon,1.0,3
Hidamari Sketch,0.7142857142857143,28
Hokuto no Ken: Raoh Gaiden Junai-hen,0.6,5
Aggressive Retsuko (ONA) 5th Season,0.6818181818181818,22
Chuunibyou demo Koi ga Shitai! Ren: The Rikka Wars,0.875,8
Bleach Movie 1: Memories of Nobody,0.6176470588235294,34
Days: Touin Gakuen-sen!,0.0,2
Digimon Adventure tri. 2: Ketsui,0.6,20
Genjitsu Shugi Yuusha no Oukoku Saikenki Part 2,0.5555555555555556,36
Gabriel DropOut,0.5679012345679012,81
Dragon Ball Super,0.39712918660287083,209
Yu☆Gi☆Oh! 5D's,0.7968197879858657,1132
Aishiteruze Baby★★,0.750816104461371,919
Hetalia World Series Specials,1.0,1
Hetalia World Series,0.6,5
Inazuma Eleven Go: Kyuukyoku no Kizuna Gryphon,1.0,2
Juan Siliang,0.4,5
Haha wo Tazunete Sanzenri,0.25,4
Joshiraku,0.6486486486486487,37
Kamichu! Specials,1.0,2
K: Seven Stories Movie 4 - Lost Small World - Ori no Mukou ni,1.0,2
Mahou Shoujo Lyrical Nanoha: Reflection,0.7142857142857143,7
Lady Jewelpet,1.0,3
Motto! Ojamajo Doremi,1.0,2
"One Piece Movie 09: Episode of Chopper Plus - Fuyu ni Saku, Kiseki no Sakura",0.75,4
Oooku,0.64,25
Nozomanu Fushi no Boukensha,0.5454545454545454,44
Omoide Poroporo,0.711864406779661,59
Psycho-Pass 3,0.5208333333333334,48
Tales of Symphonia The Animation: Tethe'alla-hen,0.4,5
Sora no Otoshimono Forte,0.65625,32
"Tamayura: More Aggressive - Tsuitachi dake no Shuugakuryokou, nanode",0.0,0
Shakugan no Shana,0.5760869565217391,92
Super Cub,0.6708860759493671,79
Tegamibachi: Hikari to Ao no Gensou Yawa,0.6666666666666666,6
Toaru Kagaku no Railgun: Misaka-san wa Ima Chuumoku no Mato desu kara,1.0,7
Tonari no Seki-kun Specials,1.0,3
Uchuu no Kishi Tekkaman Blade,0.5,6
Urusei Yatsura Movie 5: Kanketsu-hen,1.0,1
Wanneng Lian Ai Zahuo Dian,0.0,0
Wu Dong Qian Kun,0.6,5
Shingeki no Bahamut: Virgin Soul,0.5373134328358209,67
Kiratto Pri☆chan Season 2,0.0,102
Toradora! Recap,0.5,2
Tennis no Oujisama: Atobe kara no Okurimono - Kimi ni Sasageru Tennis Prince Matsuri,1.0,2
Toradora!: Bentou no Gokui,0.45454545454545453,11
Yaoguai Mingdan 2nd Season,0.6666666666666666,6
To LOVE-Ru Darkness 2nd,0.6470588235294118,17
Toshokan Sensou,0.5862068965517241,29
Yowamushi Pedal: Re:Road,0.0,0
Yoru no Kuni,0.6666666666666666,9
Ajin Part 1: Shoudou,0.6666666666666666,6
Ansatsu Kyoushitsu: Deai no Jikan,0.8,5
Bleach Movie 2: The DiamondDust Rebellion - Mou Hitotsu no Hyourinmaru,0.4,30
Zero no Tsukaima F,0.6481481481481481,54
Boku no Hero Academia the Movie 3: World Heroes' Mission - Tabidachi,1.0,2
Chouyaku Hyakuninisshu: Uta Koi.,1.0,9
Crayon Shin-chan Movie 22: Gachinko! Gyakushuu no Robo To-chan,1.0,2
Doraemon Movie 15: Nobita to Mugen Sankenshi,1.0,1
Doraemon Movie 34: Shin Nobita no Daimakyou - Peko to 5-nin no Tankentai,1.0,1
Edens Zero 2nd Season,0.8,10
"Goodbye, Don Glees!",0.9230769230769231,13
Darker than Black: Ryuusei no Gemini,0.44871794871794873,78
Digimon Adventure tri. 1: Saikai,0.48936170212765956,47
Haiyore! Nyaruko-san F,0.6,5
Kin no Kuni Mizu no Kuni,1.0,6
Kiniro no Corda: Primo Passo - Hitonatsu no Encore,1.0,4
Houkago Teibou Nisshi,0.8333333333333334,36
"Kore wa Zombie desu ka? of the Dead: Hai, Minotake ni Attemasu",0.6666666666666666,3
Koukaku Kidoutai Arise: Ghost in the Shell - Border:1 Ghost Pain,0.5,18
Koukaku Kidoutai Arise: Ghost in the Shell - Border:4 Ghost Stands Alone,1.0,1
Koukaku Kidoutai: Shin Movie,0.5714285714285714,7
K,0.5924170616113744,211
Meitantei Conan Movie 11: Konpeki no Jolly Roger,0.5,6
Mugen no Juunin: Immortal,0.5,30
Oshi ga Budoukan Ittekuretara Shinu,0.75,28
Marmalade Boy,0.5833333333333334,36
"Kumo no Mukou, Yakusoku no Basho",0.7872340425531915,47
Otome Youkai Zakuro,0.6538461538461539,26
Pokemon Evolutions,1.0,4
Piano no Mori (TV) 2nd Season,0.42857142857142855,7
Saihate no Paladin: Tetsusabi no Yama no Ou,0.5,12
Mondaiji-tachi ga Isekai kara Kuru Sou desu yo?,0.5416666666666666,120
Kono Sekai no Tanoshimikata: Secret Story Film,0.5,2
Mardock Scramble: The First Compression,0.5714285714285714,14
Samurai 7,0.78125,32
Meng Qi Shi Shen: Zaijie Liangyuan,0.5,4
Naruto: Shippuuden Movie 4 - The Lost Tower,0.4,25
Nodame Cantabile OVA,0.0,2
Pokemon XY: Mega Evolution,0.5,2
Paniponi Dash!,0.7407407407407407,27
Salaryman Kintarou,0.6666666666666666,6
Sakurako-san no Ashimoto ni wa Shitai ga Umatteiru,0.64,50
Shixiong A Shixiong 2nd Season,0.0,0
Seijo no Maryoku wa Bannou desu Season 2,0.6666666666666666,21
Rakudai Kishi no Cavalry,0.5244444444444445,225
Shonan Junai Gumi!,0.6666666666666666,6
Shugo Chara!! Doki,0.3333333333333333,9
Steins;Gate: Soumei Eichi no Cognitive Computing,0.4,5
Simoun,0.5,28
Tenchi Muyou!,0.8666666666666667,15
SSSS.Dynazenon,0.7021276595744681,47
Ranma ½: Kessen Tougenkyou! Hanayome wo Torimodose!,0.5,368
Tonikaku Kawaii: Kaisou,1.0,4
Tennis no Oujisama Movie 2: Eikokushiki Teikyuu Shiro Kessen!,0.0,1
Tiger & Bunny 2,0.6,10
Tenshi na Konamaiki,0.7222222222222222,18
Tsugu Tsugumomo,0.55,20
To LOVE-Ru Darkness,0.5405405405405406,37
3-nen Z-gumi Ginpachi-sensei Announcement Special,0.0,0
City Hunter: The Secret Service,0.0,0
Chou Denji Machine Voltes V,1.0,7
Feng Ling Yu Xiu,1.0,3
Yokohama Kaidashi Kikou,0.6785714285714286,28
"Benriya Saitou-san, Isekai ni Iku",0.6296296296296297,54
Future GPX Cyber Formula Zero,0.0,0
Genshiken Nidaime,0.18181818181818182,11
Fukigen na Mononokean,0.5652173913043478,23
Hakuouki: Reimeiroku,0.5,6
Hetalia: The Beautiful World,0.8333333333333334,6
High School DxD BorN: Yomigaeranai Fushichou,1.0,3
Huyao Xiao Hongniang: Beishan Yaodi,0.0,0
Idoly Pride,0.7096774193548387,31
Ie Naki Ko Remy Specials,0.0,1
High School DxD BorN,0.5666666666666667,60
Brave Story,0.9230769230769231,13
Captain Tsubasa (2018),0.8181818181818182,11
Cowboy Bebop: Yose Atsume Blues,0.5714285714285714,7
Ano Natsu de Matteru,0.66,100
"Donten ni Warau Gaiden: Ketsubetsu, Yamainu no Chikai",0.0,0
Crayon Shin-chan Movie 29: Mystery Meki! Hana no Tenkasu Gakuen,1.0,1
Ikoku Meiro no Croisée The Animation,0.8000891464229998,4487
Goblin Slayer,0.4423076923076923,260
Fanren Xiu Xian Chuan: Chongzhi Ban,0.0,0
Grimm Meisaku Gekijou,0.0,2
Gallery Fake,1.0,4
Gokudou-kun Manyuuki,0.4444444444444444,9
Gokusen,0.6666666666666666,24
Idol Land PriPara,0.0,0
Initial D Extra Stage 2,0.6666666666666666,6
Jashin-chan Dropkick X,0.46153846153846156,13
Gangsta.,0.5042735042735043,117
K: Seven Stories Movie 1 - R:B - Blaze,0.3333333333333333,3
Kimi wo Aishita Hitori no Boku e,0.5172413793103449,29
Kiniro no Corda: Primo Passo,0.8214285714285714,28
Kuroshitsuji II Specials,0.8333333333333334,12
Itazura na Kiss,0.6436170212765957,188
Koi wa Sekai Seifuku no Ato de,0.7352941176470589,68
Mahou Shoujo Lyrical Nanoha,0.6363636363636364,33
Meitantei Conan Magic File 3: Shinichi to Ran Mahjong Pai to Tanabata no Omoide,1.0,1
Mai-HiME,0.6808510638297872,47
Mitsuboshi Colors,0.875,24
Mugen no Ryvius,0.4,25
Pokemon (2023),0.36363636363636365,11
Pokemon Legends Arceus: Yuki Hodo Kishi Futaai,0.8333333333333334,6
Pretty Rhythm: Aurora Dream,1.0,6
Pokemon XY,0.5185185185185185,27
Sakigake!! Otokojuku,0.6363636363636364,11
Sayonara Zetsubou Sensei Jo: Zetsubou Shoujo Senshuu,1.0,1
Rozen Maiden,0.625,48
Senyuu. 2,0.8,5
Jewelpet Twinkle☆,0.25,88
Guilty Crown,0.49782608695652175,460
Soukyuu no Fafner: Dead Aggressor - The Beyond Part 3,0.0,0
Tales of Symphonia The Animation: Sekai Tougou-hen,1.0,3
Tanaka-kun wa Itsumo Kedaruge Specials,0.4,5
Tenchi Muyou! in Love,1.0,3
Tetsuwan Birdy Decode,0.6551724137931034,29
Shinryaku! Ika Musume,0.6909090909090909,55
Top wo Nerae! & Top wo Nerae 2! Gattai Movie!!,0.0,1
Towa no Quon 3: Mugen no Renza,1.0,2
Toaru Majutsu no Index Movie: Endymion no Kiseki,0.5,20
Tsurune Movie: Hajimari no Issha,0.0,1
Tokyo Ravens,0.4788732394366197,71
Yeon-ae Halujeon 2,1.0,2
Yamada-kun to 7-nin no Majo: Mou Hitotsu no Suzaku-sai,0.5,4
Urusei Yatsura (2022),0.65625,32
WWW.Working!!,0.5172413793103449,29
Shinreigari,0.6428571428571429,56
Soukyuu no Fafner: Dead Aggressor - The Beyond Part 4,0.3333333333333333,3
"Tamayura: Hitotose - Attakai Kaze no Omoide, nanode",1.0,1
Shugo Chara!,0.6440677966101694,59
Uchuu Senkan Yamato 2,0.2,5
Wu Geng Ji Zhi Tianqi,1.0,2
Tamako Market,0.6567164179104478,67
Yao Shen Ji 4th Season,0.0,0
Zero no Tsukaima: Futatsuki no Kishi,0.5588235294117647,34
Akazukin Chacha,0.8333333333333334,6
Benghuai: Xing Qiong Tiedao - Xuanhuang,0.0,0
Bartender: Kami no Glass,0.42857142857142855,14
Suki tte Ii na yo.,0.615,200
Bokutachi no Remake,0.5922330097087378,103
Chobits,0.6013071895424836,153
Hakuouki OVA,1.0,1
Hanhua Riji,0.8,5
D4DJ All Mix,0.14285714285714285,7
Gantz:O,0.5806451612903226,31
Danganronpa 3: The End of Kibougamine Gakuen - Kibou-hen,0.35294117647058826,34
Dragon Ball Z Movie 14: Kami to Kami,0.6857142857142857,35
Higurashi no Naku Koro ni Rei,0.5,26
Hori-san to Miyamura-kun,0.8620689655172413,29
Karasu wa Aruji wo Erabanai,0.75,4
Kyou kara Maou! R,1.0,3
Keroro Gunsou Movie 3: Tenkuu Daikessen de Arimasu!,0.75,4
Isekai Shokudou,0.7375,80
Mahouka Koukou no Rettousei 3rd Season,1.0,3
Meitantei Conan OVA 11: London kara no Maru Hi Shirei,0.0,0
Majimoji Rurumo: Kanketsu-hen,0.6,5
Level E,0.782608695652174,23
"New Game! Watashi, Shain Ryokou tte Hajimete nanode...",0.8,5
Nichijou: Nichijou no 0-wa,0.5,6
One Punch Man 2nd Season Specials,0.2857142857142857,7
Love Live! School Idol Project,0.7285714285714285,140
Puchi Pri*Yucie,0.6363636363636364,11
Saki: Zenkoku-hen,0.5,4
Sayonara Zetsubou Sensei Jo: Zoku Zetsubou Shoujo Senshuu,0.0,0
Mieruko-chan,0.5364238410596026,151
Lupin Zero,0.5,2
Kingsglaive: Final Fantasy XV,0.47368421052631576,19
Mahou Sensei Negima!: Shiroki Tsubasa Ala Alba,0.6666666666666666,3
Psycho-Pass 2,0.3492063492063492,126
Mahouka Koukou no Rettousei,0.4468864468864469,273
Mirai Nikki (TV),0.5852941176470589,680
Minami-ke Omatase,1.0,1
Meitantei Conan: Hiiro no Fuzai Shoumei,0.0,2
Mardock Scramble: The Third Exhaust,0.6666666666666666,6
Osomatsu-san 3rd Season,0.4166666666666667,12
Medaka Box Abnormal,0.21052631578947367,19
Majo to Yajuu,0.5454545454545454,33
Osomatsu-san Special,0.0,0
Renou Xueyuan,0.0,0
Shark'd,0.8,5
Shingeki no Kyojin: Ano Hi Kara,0.0,6
Takanashi Rikka Kai: Chuunibyou demo Koi ga Shitai! Movie,0.25,8
Tonari no Seki-kun OVA,0.6666666666666666,3
Pokemon,0.6153846153846154,78
Xian Wang de Richang Shenghuo 2,0.5,14
X,0.7,20
Yama no Susume: Omoide Present,1.0,1
Tensai Ouji no Akaji Kokka Saisei Jutsu,0.6181818181818182,55
Yowamushi Pedal: Limit Break,0.5,8
Yoake Tsugeru Lu no Uta,0.7058823529411765,17
Yuusha-Ou GaoGaiGar Final Grand Glorious Gathering,0.0,1
Aikatsu Stars! Movie,1.0,1
Aoki Densetsu Shoot!,0.75,4
Cang Lan Jue Part 2,0.0,0
Aoki Hagane no Arpeggio: Ars Nova Movie 1 - DC,0.0,4
Doraemon Movie 36: Shin Nobita no Nippon Tanjou,1.0,2
Fate/stay night Movie: Unlimited Blade Works,0.2222222222222222,36
Ajin,0.6211180124223602,161
Cider no You ni Kotoba ga Wakiagaru,0.8050847457627118,118
Aldnoah.Zero,0.5661375661375662,189
Yuu☆Yuu☆Hakusho: Two Shots/Noru ka Soru ka,0.42857142857142855,658
Inazuma Eleven: Saikyou Gundan Ogre Shuurai,1.0,3
Atashin'chi,1.0,1
Alps no Shoujo Heidi,0.9375,16
Hakkenden: Touhou Hakken Ibun,0.5789473684210527,19
Amagami SS+ Plus,0.6129032258064516,31
Hal,0.6031746031746031,63
Baby I Love You Daze,0.6666666666666666,3
Bishoujo Senshi Sailor Moon Memorial,0.0,0
Bishoujo Senshi Sailor Moon SuperS Specials,0.5,2
Ayakashi: Japanese Classic Horror,0.6333333333333333,30
Blue Archive the Animation,0.4375,16
Chiisana Penguin Lolo no Bouken,0.0,2
Captain Tsubasa Season 2: Junior Youth-hen,0.3333333333333333,6
City Hunter: Ai to Shukumei no Magnum,1.0,1
Doraemon,0.0,0
Boruto: Naruto the Movie,0.5116279069767442,43
Fresh Precure!,0.5714285714285714,7
Fairy Tail Movie 1: Houou no Miko,0.631578947368421,19
Full Metal Panic! The Second Raid Episode 00,1.0,2
Cross Ange: Tenshi to Ryuu no Rondo,0.5604395604395604,91
Hokuto no Ken: Toki-den,1.0,1
Lian Qi Shi Wan Nian,0.0,1
Joshiraku OVA,1.0,1
Gunslinger Girl,0.6962025316455697,79
Isekai Quartet,0.7333333333333333,45
Lord El-Melloi II Sei no Jikenbo: Rail Zeppelin Grace Note,0.6486486486486487,37
Major 2nd,0.7,10
Meitantei Holmes,1.0,3
Love Live! Sunshine!!,0.5087719298245614,57
Mob Psycho 100: Reigen - Shirarezaru Kiseki no Reinouryokusha,0.6923076923076923,13
Slayers Evolution-R,0.3333333333333333,3
Shin Kidou Senki Gundam Wing: Operation Meteor,0.0,0
Super GALS! Kotobuki Ran,0.8181818181818182,11
Noblesse: Awakening,0.39285714285714285,28
Sakura Quest,0.8703703703703703,54
RahXephon,0.5882352941176471,51
Taiho Shichau zo The Movie,0.75,4
Taiho Shichau zo: Second Season,0.6666666666666666,3
Taiyou no Kiba Dagram,0.8,5
Tropical-Rouge! Precure,0.75,12
Yi Ren Zhi Xia 2,0.3333333333333333,3
Vandread: The Second Stage,0.3333333333333333,6
Yozakura Quartet: Hoshi no Umi,1.0,2
Sketchbook: Full Color's,0.7058823529411765,17
Soukyuu no Fafner: Dead Aggressor - Exodus,0.6666666666666666,3
Soukyuu no Fafner: Dead Aggressor - Heaven and Earth,0.5,2
Soukyuu no Fafner: Dead Aggressor - Right of Left,0.0,2
"Tadaima, Okaeri",0.6,5
Tottemo! Luckyman,1.0,2
Sunabouzu,0.6842105263157895,38
Ai no Wakakusa Monogatari,1.0,2
Crayon Shin-chan Movie 05: Ankoku Tamatama Daitsuiseki,0.0,0
Doraemon Movie 25: Nobita no Wan Nyan Jikuuden,1.0,2
Comic Girls,0.723404255319149,47
Freedom,0.8571428571428571,7
Afro Samurai,0.6242038216560509,157
Gunsmith Cats,0.6666666666666666,27
Hakata Tonkotsu Ramens,0.75,36
Boku no Hero Academia 5th Season,0.3129251700680272,147
Sousou no Frieren: ●● no Mahou,0.875,840
Hiyoko no Basket Movie: Last Game 0401,0.0,1
Huyao Xiao Hongniang: Qian Yan,0.0,0
Hokkyoku Hyakkaten no Concierge-san,1.0,2
"Hataraku Saibou!! Saikyou no Teki, Futatabi. Karada no Naka wa ""Chou"" Oosawagi!",0.0,1
Hataraku Saibou!!,0.4444444444444444,18
Kekkai Sensen: Ousama no Restaurant no Ousama,0.0,1
Kidou Senshi Gundam SEED Destiny Final Plus: Erabareta Mirai,0.0,2
Kitarou Tanjou: Gegege no Nazo,1.0,1
Karas,0.6190476190476191,21
Inu x Boku SS,0.6145833333333334,96
Kemono Jihen,0.5970149253731343,67
Lutu Weiji! Sheng Freya Hao Tebie Shijian,0.0,0
Minami-ke Natsuyasumi,0.5,2
Oruchuban Ebichu,0.5,10
Mikakunin de Shinkoukei,0.5490196078431373,51
Saiyuuki Reload,0.6666666666666666,6
Saiyuuki Reload Gunlock,0.6666666666666666,3
Scrapped Princess,0.675,40
Senryuu Shoujo,0.7837837837837838,37
Shakugan no Shana Movie,0.8333333333333334,6
Shen Lan Qi Yu Wushuang Zhu: Tianmo Pian,0.0,0
Kidou Senshi Gundam SEED: SEED Supernova - Tanekyara Gekijou,0.75,4
Kiznaiver,0.5792079207920792,202
Kore wa Zombie desu ka? OVA,0.42857142857142855,7
Kyokou Suiri Season 2,0.6666666666666666,12
Love Stage!!: Chotto ja Nakutte,0.0,2
Meitantei Conan Movie 27: 100-man Dollar no Michishirube,0.0,0
Meitantei Conan OVA 06: Kieta Daiya wo Oe! Conan & Heiji VS Kid!,0.5,2
Kimagure Orange☆Road OVA,0.0,112
Saenai Heroine no Sodatekata ♭: Koi to Junjou no Service-kai,0.4,320
Plawres Sanshirou,0.0,1
Nanatsu no Umi no Tico,1.0,2
Naruto x UT,0.8333333333333334,6
Nisekoi OVA,0.75,4
Otona Joshi no Anime Time,0.6875,16
Oda Nobuna no Yabou,0.7407407407407407,54
Prison School: Mad Wax,0.6,5
Seto no Hanayome OVA Specials,0.0,0
s.CRY.ed,0.75,16
Ryman's Club,0.6666666666666666,30
Shin Getter Robo,0.6666666666666666,3
Shigurui,0.5471698113207547,53
Tales of Zestiria: Doushi no Yoake,0.3333333333333333,3
Shiro Seijo to Kuro Bokushi,0.7,20
Tennis no Oujisama: Sonzoku Yama no Hi,1.0,2
Tiger & Bunny Movie 1: The Beginning,0.75,8
Waga Seishun no Arcadia: Mugen Kidou SSX,0.3333333333333333,3
Whistle!,0.7142857142857143,7
Yowamushi Pedal: Re:Ride,0.0,1
Zoids,0.6666666666666666,9
Ansatsu Kyoushitsu: 365-nichi no Jikan,0.2222222222222222,9
Bokutachi wa Benkyou ga Dekinai! Chapel no Kane wa [X] wo Shukufuku Suru,1.0,3
Chiisana Ahiru no Ooki na Ai no Monogatari: Ahiru no Kwak,0.6666666666666666,6
Yuuki Yuuna wa Yuusha de Aru,0.5263157894736842,76
City Hunter: Kinkyuu Namachuukei!? Kyouakuhan Saeba Ryou no Saigo,0.0,1
Dead Dead Demons Dededede Destruction,0.0,0
Dakaretai Otoko 1-i ni Odosarete Imasu.,0.43243243243243246,74
Danganronpa 3: The End of Kibougamine Gakuen - Zetsubou-hen,0.421875,64
"Shin Kimagure Orange☆Road: Soshite, Ano Natsu no Hajimari",0.6,80
Deca-Dence,0.6,80
Future GPX Cyber Formula Saga,0.0,0
Hadashi no Gen 2,0.6666666666666666,3
Doraemon Movie 24: Nobita to Fushigi Kaze Tsukai,1.0,2
Flanders no Inu,0.6666666666666666,3
High School DxD BorN: Ishibumi Ichiei Kanzen Kanshuu! Mousou Bakuyou Kaijo Original Video,0.3333333333333333,3
Hakuouki,0.581081081081081,74
Isekai Quartet 2,0.5,16
Jiang Ziya,0.6666666666666666,3
Amanchu!: Yakusoku no Natsu to Atarashii Omoide no Koto,1.0,2
AKB0048,0.5714285714285714,42
Ao no Exorcist: Kyoto Fujouou-hen,0.43137254901960786,51
Boku no Hero Academia the Movie 1: Futari no Hero Specials,0.5,6
Doraemon Movie 21: Nobita no Taiyou Ou Densetsu,1.0,2
Dragon Ball Z Movie 13: Ryuuken Bakuhatsu!! Gokuu ga Yaraneba Dare ga Yaru,0.6,10
Garo: Honoo no Kokuin,0.56,25
Hikaru no Go: Sabaki no Ikkyoku! Inishie no Hana yo Sake!!,0.0,0
Handa-kun,0.5932203389830508,59
Hyouka: Motsubeki Mono wa,0.5714285714285714,21
Kaginado Season 2,0.7142857142857143,7
Kaitou Joker 4th Season,1.0,1
BNA,0.5911949685534591,159
Kamichu!,0.8095238095238095,21
Kaze no Shoujo Emily,0.6666666666666666,3
Majokko Shimai no Yoyo to Nene,0.6,5
Meitantei Conan Bonus File: Fantasista no Hana,1.0,1
Mini Dragon,0.6,10
Nakitai Watashi wa Neko wo Kaburu,0.5698924731182796,186
"Maou Gakuin no Futekigousha: Shijou Saikyou no Maou no Shiso, Tensei shite Shison-tachi no Gakkou e Kayou",0.5471698113207547,318
Heya Camp△,1.0,780
Kaichou wa Maid-sama!: Goshujinsama to Asonjao♥,0.5,104
Quanzhi Fashi III,0.8333333333333334,6
Oushitsu Kyoushi Heine Movie,0.3333333333333333,3
Nodame Cantabile: Nodame to Chiaki no Umi Monogatari,0.5,4
Nami yo Kiitekure,0.625,40
Nisekoi:,0.2564102564102564,78
Selector Spread WIXOSS,0.3684210526315789,19
Ryuu no Haisha,0.5,24
Sora no Otoshimono: Project Pink,0.6666666666666666,3
Rikei ga Koi ni Ochita no de Shoumei shitemita.,0.6363636363636364,66
Taishou Yakyuu Musume.,0.875,8
Tengen Toppa Gurren Lagann: Mitee Mono wa Miteen da!!,0.5,4
Urusei Yatsura OVA,1.0,1
"Wei, Kanjian Erduo La! 2",1.0,1
Xian Wang de Richang Shenghuo 3,0.5714285714285714,7
Watashi no Oshi wa Akuyaku Reijou.,0.4807692307692308,52
Xie Wang Zhui Qi: Yishi Qingcheng,0.75,4
Toaru Majutsu no Index,0.5315315315315315,111
Xingchen Bian: Yu Li Cang Hai,0.0,4
Yomigaeru Sora: Rescue Wings,0.8333333333333334,6
Yowamushi Pedal: Special Ride,0.3333333333333333,3
Yuusha Keisatsu J-Decker,0.75,4
Strike Witches: Road to Berlin,0.6666666666666666,9
Yuyushiki,0.6,30
"Suisei no Gargantia: Meguru Kouro, Haruka",0.3333333333333333,3
The iDOLM@STER Cinderella Girls 2nd Season,0.36363636363636365,11
The iDOLM@STER Cinderella Girls: U149 Special,0.0,0
Toshokan Sensou: Koi no Shougai,0.5,2
Trinity Seven Movie 2: Heavens Library to Crimson Lord,0.4444444444444444,9
Re:␣Hamatora,0.6968215158924206,1227
Ranma ½: Chou Musabetsu Kessen! Ranma Team vs. Densetsu no Houou,1.0,72
Wan Jie Fa Shen,0.5,2
Xin Shen Bang: Nezha Chongsheng,0.3333333333333333,3
Trinity Seven: Nanatsu no Taizai to Nana Madoushi,1.0,4
Xue Ying Ling Zhu,0.4,5
Uchuu no Stellvia,0.6666666666666666,6
Xue Ying Ling Zhu Zhi Qi Yu Pian,0.0,0
Zhu Xian 2nd Season,0.0,0
Yokoyama Mitsuteru Sangokushi,1.0,3
Zhe Tian,0.5,4
Afro Samurai: Resurrection,0.5517241379310345,29
Ani ni Tsukeru Kusuri wa Nai! 5,0.5,2
Captain Tsubasa,0.5,6
City Hunter: Bay City Wars,0.0,0
Bokutachi wa Benkyou ga Dekinai!,0.44680851063829785,47
Aoki Hagane no Arpeggio: Ars Nova,0.5576923076923077,52
Crayon Shin-chan Movie 08: Arashi wo Yobu Jungle,1.0,2
Code Geass: Boukoku no Akito 1 - Yokuryuu wa Maiorita,0.5,34
Doraemon Movie 42: Nobita to Sora no Utopia,1.0,4
Futatsu no Spica,0.8,5
Future GPX Cyber Formula,1.0,2
Gatchaman Crowds: Embrace,0.0,2
Huyao Xiao Hongniang: Nan Guo,1.0,1
Ginga Tetsudou no Yoru,0.56,25
Jibaku-kun,1.0,1
Huyao Xiao Hongniang: Zhu Ye,0.75,4
Journey: Taiko Arabia Hantou de no Kiseki to Tatakai no Monogatari,0.5454545454545454,11
Karakuri Zoushi Ayatsuri Sakon,0.8888888888888888,9
Kidou Senshi Gundam: Cucuruz Doan no Shima,0.8,10
Kemonozume,0.7435897435897436,39
Uta no☆Prince-sama♪ Movie: Maji Love Kingdom,0.8,605
Ling Long: Incarnation Middle Chapter,0.0,1
Koukaku Kidoutai Arise: Ghost in the Shell - Border:3 Ghost Tears,0.5,8
Mai-Otome 0: S.ifr,1.0,3
Mononogatari 2nd Season,0.36363636363636365,11
Net-juu no Susume Special,0.7,10
Lodoss-tou Senki,0.631578947368421,38
Odekake Kozame,1.0,5
Owaranai Seraph,0.25,4
Owaranai Seraph: Nagoya-hen,0.0,1
Pandora Hearts Omake,1.0,2
Pokemon Movie 02: Maboroshi no Pokemon Lugia Bakutan,0.7894736842105263,19
Poputepipikku TV Special,0.5,4
Rekka no Honoo,0.55,20
Saber Marionette J,0.6666666666666666,6
Sabage-bu!,0.5185185185185185,27
Seitokai no Ichizon Lv.2,0.8333333333333334,6
Katekyou Hitman Reborn!: Mr. Rebokku no Ciao Ciao Interview,0.0,0
Sakurada Reset,0.5352112676056338,71
Kidou Senshi Gundam II: Ai Senshi-hen,0.6923076923076923,13
Kidou Shinseiki Gundam X,0.48484848484848486,33
Ling Long: Incarnation,0.8,10
Lupin III: Part 6 - Jidai,1.0,5
Kore wa Zombie desu ka?,0.55,100
Nanbaka,0.3684210526315789,38
"Sekai Saikou no Ansatsusha, Isekai Kizoku ni Tensei suru",0.49122807017543857,171
Naruto: Shippuuden Movie 3 - Hi no Ishi wo Tsugu Mono,0.4,20
Nihon Animator Mihonichi,0.5,8
Ookiku Furikabutte: Natsu no Taikai-hen – Mokuhyou,0.0,0
Nogizaka Haruka no Himitsu Finale ♪,0.6666666666666666,216
Love Live! μ's Final Love Live! Opening Animation,1.0,45
One Piece: Romance Dawn Story,0.5,2
Ore no Imouto ga Konnani Kawaii Wake ga Nai Specials,0.5,20
Rozen Maiden (2013),0.6,15
Sakasama no Patema: Beginning of the Day,0.0,5
Sengoku Basara,0.4838709677419355,31
Shokugeki no Souma OVA,0.5714285714285714,7
Tennis no Oujisama Movie 1: Futari no Samurai - The First Game,0.0,3
Slayers Specials,0.16666666666666666,6
Shakugan no Shana S,0.5714285714285714,7
Un-Go,0.625,32
Otome Game Sekai wa Mob ni Kibishii Sekai desu,0.5158730158730159,126
Yuan Long,0.25,4
Aa! Megami-sama! (2011),0.3333333333333333,3
"""Bungaku Shoujo"" Movie",0.41379310344827586,29
Allison to Lillia,0.6818181818181818,22
Beelzebub Specials,0.0,0
Carnival Phantasm: HibiChika Special,1.0,2
City Hunter: Hyakuman Dollar no Inbou,0.0,0
Bartender,0.6666666666666666,54
Doraemon Movie 39: Nobita no Getsumen Tansaki,0.5,2
Fairy Tail Movie 1: Houou no Miko - Hajimari no Asa,0.6666666666666666,3
Ginga Kikoutai Majestic Prince,0.6111111111111112,18
Glass no Kamen,0.8,5
Honobono Log,0.6521739130434783,23
Aria the Natural: Sono Futatabi Deaeru Kiseki ni...,0.0,2
Aa! Megami-sama! (TV),0.6851851851851852,54
Free!,0.6981132075471698,159
Araburu Kisetsu no Otome-domo yo.,0.6,140
High School DxD,0.6434108527131783,258
"Ikoku Meiro no Croisée The Animation: Ongakkai ""Récital""",1.0,93
Cardcaptor Sakura: Kero-chan ni Omakase!,1.0,2
Black Jack the Movie,0.6666666666666666,6
Captain Herlock,0.6,10
Chibi Maruko-chan (1995),0.0,1
Boruto: Naruto the Movie - Naruto ga Hokage ni Natta Hi,0.6,5
Cinderella Monogatari,0.9230769230769231,13
D-Frag!*,0.6666666666666666,3
Dareka no Manazashi,0.75,20
Date A Live: Date to Date,0.46153846153846156,13
Black Cat (TV),0.5783132530120482,83
Date A Live Movie: Mayuri Judgment,0.5263157894736842,38
Doraemon Movie 12: Nobita no Dorabian Nights,0.0,1
Doraemon Movie 38: Nobita no Takarajima,1.0,2
Drifters: The Outlandish Knight,0.0,1
Fuuto Tantei,0.6875,16
"Dragon Ball Z Movie 08: Moetsukiro!! Nessen, Ressen, Chougekisen",0.6666666666666666,21
Healer Girl,0.8095238095238095,21
Hottarake no Shima: Haruka to Mahou no Kagami,0.6,5
Idaten Jump,0.5,6
Kaikan Phrase,0.6153846153846154,13
Himouto! Umaru-chan R,0.7083333333333334,24
Koori Zokusei Danshi to Cool na Douryou Joshi,0.631578947368421,57
Legendz: Yomigaeru Ryuuou Densetsu,0.75,4
Ling Long: Incarnation Special,1.0,1
Little Busters! Sekai no Saitou wa Ore ga Mamoru!,0.5,2
Mama wa Shougaku 4-nensei,1.0,4
Kure-nai,0.7045454545454546,44
Mazinkaiser,0.6,5
Meitantei Conan Magic File 5: Niigata - Tokyo Omiyage Capriccio,0.0,0
Meitantei Conan OVA 02: 16-nin no Yougisha,1.0,1
Precure All Stars Movie New Stage 3: Eien no Tomodachi,1.0,1
Meng Qi Shi Shen,0.42105263157894735,19
Papa no Iukoto wo Kikinasai! OVA,0.5714285714285714,7
Pokemon Movie 08: Mew to Hadou no Yuusha Lucario,0.5833333333333334,12
Minami-ke Okawari,0.42857142857142855,21
Nekojiru-sou,0.5416666666666666,48
Quanzhi Fashi IV,0.6666666666666666,6
Shigofumi: Sore kara,1.0,1
Slam Dunk (Movie),0.3333333333333333,3
Tamayura: Hitotose,0.9230769230769231,13
Time Travel Tondekeman!,1.0,1
Vivy: Fluorite Eye's Song - To Make Everyone Happy With My Singing,0.75,4
Sewayaki Kitsune no Senko-san,0.7142857142857143,91
Shokugeki no Souma: Gou no Sara,0.4186046511627907,86
Zero no Tsukaima: Princesses no Rondo,0.3548387096774194,31
Shin Atashin'chi,1.0,2
Shoukoushi Cedie,0.0,0
Slayers Great,0.3333333333333333,3
Smile Precure! Movie: Ehon no Naka wa Minna Chiguhagu!,0.6666666666666666,3
Soukyuu no Fafner: Dead Aggressor - The Beyond Part 2,0.0,0
Xian Wang de Richang Shenghuo,0.4380952380952381,105
Strike Witches: Operation Victory Arrow,0.6666666666666666,3
Tenchi Muyou! Ryououki: Omatsuri Zenjitsu no Yoru!,1.0,1
Steamboy,0.7407407407407407,27
Towa no Quon 2: Konton no Ranbu,0.6666666666666666,3
World Dai Star,0.8,5
Wu Geng Ji,0.6,5
"Yuyushiki: Komarasetari, Komarasaretari",1.0,1
Tsuki to Laika to Nosferatu,0.6551724137931034,29
Zoids Shinseiki/Zero,0.625,8
Bishoujo Senshi Sailor Moon SuperS Gaiden: Ami-chan no Hatsukoi,1.0,2
Bai Lian Cheng Shen,0.3333333333333333,3
Danna ga Nani wo Itteiru ka Wakaranai Ken 2 Sure-me,0.7142857142857143,14
Appleseed Saga Ex Machina,0.5,14
Ame wo Tsugeru Hyouryuu Danchi,0.6136363636363636,44
Doraemon: Obaachan no Omoide,0.0,0
Baki,0.4810126582278481,79
Fuyu no Sonata,0.8571428571428571,7
Ganbare Genki,1.0,1
Gensoumaden Saiyuuki Movie: Requiem - Erabarezaru Mono e no Chinkonka,0.5,2
Girls & Panzer Movie Specials,1.0,1
Hifuu Katsudou Kiroku: The Sealed Esoteric History,0.0,3
Kimi ni Todoke 2nd Season: Minitodo Gekijou,0.6666666666666666,3
Kazoku Robinson Hyouryuuki: Fushigi na Shima no Flone,1.0,4
Initial D Extra Stage,0.45454545454545453,11
Hanayamata,0.5333333333333333,30
Love Hina Christmas Special: Silent Eve,1.0,7
Lupin III: Kutabare! Nostradamus,0.5,6
Mardock Scramble: The Second Combustion,0.6666666666666666,3
Love Lab,0.7714285714285715,35
Meitantei Conan: Haibara Ai Monogatari - Kurogane no Mystery Train,0.0,0
Ojamajo Doremi,0.8461538461538461,13
One Piece Movie 08: Episode of Alabasta - Sabaku no Oujo to Kaizoku-tachi,0.0,4
Onegai My Melody: Kurukuru Shuffle!,1.0,1
Poketoon,0.5,10
Re:Zero kara Hajimeru Break Time 2nd Season,0.8571428571428571,7
Piano no Mori (TV),0.64,25
Ristorante Paradiso,0.7307692307692307,26
Robotics;Notes,0.6153846153846154,65
Megami no Café Terrace,0.550033692722372,5936
Li Linke de Xiao Guaner 2nd Season,1.0,1
K: Seven Stories Movie 2 - Side:Blue - Tenrou no Gotoku,0.0,1
Saki Achiga-hen: Episode of Side-A,0.7142857142857143,7
Kowarekake no Orgel,0.5,10
Sasayaku You ni Koi wo Utau,0.7777777777777778,9
Kidou Senshi Gundam 00 Movie: A Wakening of the Trailblazer,0.36363636363636365,22
Ling Jian Zun 4th Season,0.0,0
Love Live! Nijigasaki Gakuen School Idol Doukoukai: Next Sky,0.4,5
Lupin III: Walther P38,0.3333333333333333,3
One Piece: Mamore! Saigo no Dai Butai,1.0,3
Ousama Ranking: Yuuki no Takarabako,0.5714285714285714,14
Peace Maker Kurogane,0.5,10
Quanzhi Fashi V,0.0,4
Pokemon Movie 10: Dialga vs. Palkia vs. Darkrai,0.875,8
Rakuen Tsuihou,0.5,38
Ore wo Suki nano wa Omae dake ka yo,0.49504950495049505,101
Rurouni Kenshin Special,0.3333333333333333,3
Rikei ga Koi ni Ochita no de Shoumei shitemita. Heart,0.4222222222222222,45
Shashinkan,1.0,4
Shi Yi Chang An: Mingyue Jishi You Er,1.0,2
Seitokai no Ichizon,0.5609756097560976,41
Shin Chou Kyou Ryo: Condor Hero,0.4,5
Seijo no Maryoku wa Bannou desu,0.6341463414634146,82
Shin Grimm Meisaku Gekijou,1.0,1
Slayers Gorgeous,1.0,1
Shinrei Tantei Yakumo,0.6896551724137931,29
Slayers Return,0.25,4
Space Pirate Captain Herlock: Outside Legend - The Endless Odyssey,0.3333333333333333,3
Sousei no Onmyouji,0.4716981132075472,106
Precure All Stars Movie DX: Minna Tomodachi☆Kiseki no Zenin Daishuugou!,0.6666666666666666,315
Tiger Mask Nisei,0.5,2
Tetsujin 28-gou (2004),0.6,5
The Third: Aoi Hitomi no Shoujo,0.5,10
The Animatrix,0.5555555555555556,18
Tales of Zestiria the Cross 2nd Season,0.6538461538461539,26
Speed Grapher,0.5098039215686274,51
"Tokyo Ghoul: ""Jack""",0.75,16
Tom Sawyer no Bouken,1.0,3
Tsubasa Chronicle: Tori Kago no Kuni no Himegimi,0.1,10
Uma Musume: Pretty Derby,0.725,40
Wonderful Precure!,0.0,1
Yao Shen Ji,0.2857142857142857,7
Zoku Touken Ranbu: Hanamaru,1.0,2
Artiswitch,0.8333333333333334,12
Aura: Maryuuin Kouga Saigo no Tatakai,0.64,25
"Chi's Sweet Home: Chi to Kocchi, Deau.",1.0,1
Crayon Shin-chan Movie 04: Henderland no Daibouken,0.0,0
Dogs: Bullets & Carnage,0.4666666666666667,15
Bamboo Blade,0.6222222222222222,45
Doraemon: 2112-nen Doraemon Tanjou,1.0,1
Fullmetal Alchemist: Premium Collection,0.7142857142857143,7
Fuse: Teppou Musume no Torimonochou,0.6923076923076923,13
Future GPX Cyber Formula 11,0.0,0
Ginban Kaleidoscope,0.6875,16
Hayate no Gotoku!!: Atsu ga Natsuize - Mizugi-hen!,0.0,2
Heisei Tanuki Gassen Ponpoko,0.6060606060606061,33
Aa! Megami-sama!,0.5909090909090909,22
High School Fleet,0.5319148936170213,47
Aharen-san wa Hakarenai,0.66,100
Wagamama☆Fairy Mirumo de Pon!,0.75,416
Beelzebub: Hirotta Akachan wa Daimaou!?,0.0,2
Bishoujo Senshi Sailor Moon: Sailor Stars - Hero Club,0.0,1
Aoyama Goushou Tanpenshuu,1.0,5
Bakemonogatari Recap,0.0,1
Bubblegum Crisis,0.6086956521739131,23
Busou Renkin,0.7872340425531915,47
Cang Lan Jue,1.0,2
D4DJ Double Mix,0.0,0
Detroit Metal City: Birth of the Metal Devil,0.6666666666666666,3
Doraemon Movie 29: Shin Nobita no Uchuu Kaitakushi,1.0,1
Fate/Grand Order: Fujimaru Ritsuka wa Wakaranai,0.6666666666666666,3
Dead Mount Death Play,0.5869565217391305,46
Final Fantasy VII: Last Order,0.5833333333333334,12
Hetalia: The Beautiful World Extra Disc,0.0,0
Gaikotsu Shotenin Honda-san,0.9117647058823529,34
GJ-bu,0.7619047619047619,42
"Himesama ""Goumon"" no Jikan desu",0.7083333333333334,24
Hisone to Maso-tan,0.7105263157894737,38
Kao Ni La Zhanshen Xitong,0.8,5
Ling Long: Incarnation Final Chapter,0.0,1
Mahoraba: Heartful Days,0.9,10
Maria-sama ga Miteru Specials,0.5,2
Isekai Yakkyoku,0.578125,64
Marmalade Boy Movie,1.0,3
Mei to Koneko Bus,0.2,5
Mi Yu Xingzhe,0.2,5
Miracle Giants Doumu-kun,0.0,0
Mushibugyou,0.6428571428571429,14
Naruto: Shippuuden Movie 1,0.5,24
Mirai Nikki: Redial,0.5357142857142857,56
Saezuru Tori wa Habatakanai: Don't Stay Gold,1.0,1
Nu Wushen de Canzhuo II,0.5,4
Onegai My Melody,0.75,4
Onihei,0.5789473684210527,19
Pokemon Diamond & Pearl,0.6666666666666666,21
Seitokai no Ichizon Lv.2: Watasu Seitokai,0.0,1
Slayers Excellent,0.5,2
Soukyuu no Fafner: Dead Aggressor - The Beyond,0.5,2
Poputepipikku,0.38823529411764707,85
School Rumble San Gakki,0.20833333333333334,24
Sweat Punch,0.6923076923076923,13
Uchuu Show e Youkoso,0.75,12
Yao Shen Ji 2nd Season,0.0,4
Yuuki Yuuna wa Yuusha de Aru: Dai Mankai no Shou,0.625,8
Trinity Blood,0.58,50
Zhui Xu,1.0,3
Starmyu 2nd Season,0.6,5
Strike Witches 2,0.6842105263157895,19
Tanaka-kun wa Kyou mo Kedaruge,0.3333333333333333,3
Top Secret: The Revelation,0.7272727272727273,11
Towa no Quon 1: Utakata no Kaben,0.42857142857142855,14
Wan Jie Xian Zong,1.0,1
Tari Tari,0.5833333333333334,48
Yes! Precure 5 Movie: Kagami no Kuni no Miracle Daibouken!,0.3333333333333333,3
Zettai Karen Children,0.5555555555555556,9
Aggressive Retsuko (ONA) 4th Season,0.4117647058823529,17
Zegapain,0.56,25
True Tears,0.6458333333333334,96
Air in Summer,0.5,12
Suite Precure♪,0.6,1010
Ao no Exorcist: Kuro no Iede,0.8333333333333334,6
Denpa Onna to Seishun Otoko: Mayonaka no Taiyou,0.4,5
Buddy Complex: Kanketsu-hen - Ano Sora ni Kaeru Mirai de,0.4,5
Danna ga Nani wo Itteiru ka Wakaranai Ken,0.7647058823529411,51
Digimon Adventure tri. 4: Soushitsu,0.26666666666666666,15
Dotto Koni-chan,1.0,3
Amagami SS,0.6116504854368932,103
Edens Zero,0.5,56
Gosenzo-sama Banbanzai!,0.42857142857142855,7
Gatchaman Crowds,0.625,48
Heroine Tarumono! Kiraware Heroine to Naisho no Oshigoto,0.5909090909090909,22
Btooom!,0.5619047619047619,210
Hetalia: The World Twinkle Extra Disc,0.0,1
High School! Kimengumi,1.0,1
Hikaru no Go: New Year Special,1.0,2
Honoo no Toukyuuji: Dodge Danpei,1.0,1
Fate/stay night,0.5318181818181819,220
Hitorijime My Hero,0.3684210526315789,76
Hunter x Hunter Movie 1: Phantom Rouge,0.3548387096774194,31
Kami nomi zo Shiru Sekai: 4-nin to Idol,0.8571428571428571,7
Hunter x Hunter Movie 2: The Last Mission,0.6,30
Kiba,0.7916666666666666,24
Kuma Kuma Kuma Bear Punch!,0.75,16
Hige wo Soru. Soshite Joshikousei wo Hirou.,0.4444444444444444,234
Kurau Phantom Memory,0.375,8
Kamisama no Inai Nichiyoubi,0.6756756756756757,74
Liehuo Jiao Chou,1.0,3
Long Zhi Gu: Jingling Wangzuo,1.0,3
Lupin III: Otakara Henkyaku Daisakusen!!,1.0,1
Fushigiboshi no☆Futagohime,1.0,270
Naruto: Shippuuden Movie 2 - Kizuna,0.2777777777777778,18
Lupin III: Part III,0.3333333333333333,3
Maria-sama ga Miteru,0.7333333333333333,30
Mirai no Mirai,0.5882352941176471,51
Mahouka Koukou no Rettousei: Raihousha-hen,0.3148148148148148,54
Nazo no Kanojo X: Nazo no Natsu Matsuri,0.14285714285714285,7
Nitaboh,0.8,5
Patalliro!,0.6,5
Pokemon Movie 23: Koko,0.7272727272727273,11
Noir,0.48148148148148145,54
Senyuu.,0.7272727272727273,22
Shaonian Ge Xing: Feng Hua Xue Yue Pian Part 2,0.0,0
Kanojo to Kanojo no Neko,0.8333333333333334,18
Keroro Gunsou Movie 4: Gekishin Dragon Warriors de Arimasu!,0.0,2
Kannagi,0.5853658536585366,41
"Kono Danshi, Ningyo Hiroimashita.",0.9166666666666666,12
KimiKiss Pure Rouge,0.7419354838709677,31
Kuroko no Basket: Oshaberi Shiyokka,0.4,5
Koukaku no Regios,0.5333333333333333,60
Kyuujitsu no Warumono-san,0.7857142857142857,14
Legend of Basara,0.8571428571428571,7
Long Zu Episode 0,0.5,2
Kyuuketsuki Sugu Shinu,0.6285714285714286,35
Lupin III: Fuuma Ichizoku no Inbou,0.6,5
Lupin the IIIrd: Mine Fujiko no Uso,0.5,4
Mai-Otome,0.6111111111111112,18
Moonlight Mile 2nd Season: Touch Down,1.0,2
Koutetsujou no Kabaneri,0.4860557768924303,251
Macross Δ,0.4988344988344988,1287
Onegai☆Teacher: Himitsu na Futari,0.5,378
Potemayo Specials,0.0,0
Natsu no Arashi! Akinaichuu,0.625,8
Potemayo,0.5,6
Pale Cocoon,0.5,22
Motto To LOVE-Ru,0.6333333333333333,30
Nijiiro Days,0.6129032258064516,31
Saber Marionette J to X,0.0,1
Shinryaku! Ika Musume Specials,1.0,1
Rec,0.7346938775510204,49
Shounen Maid,0.7894736842105263,19
Sekirei: Pure Engagement,0.5714285714285714,21
"The iDOLM@STER Cinderella Girls: Anytime, Anywhere with Cinderella.",0.0,2
Tenchi Muyou! Ryououki 3rd Season,0.4,5
Sankarea,0.6083333333333333,120
Tales of the Abyss,0.4583333333333333,24
The Sky Crawlers,0.45,40
Strawberry Panic,0.6351351351351351,74
Tiger Mask,0.5,2
Watashi ni Tenshi ga Maiorita! Special,0.3333333333333333,3
Xie Wang Zhui Qi 3: Shen Nu Guilai,1.0,2
A3! Season Autumn & Winter,0.5,6
Watashi ni Tenshi ga Maiorita!,0.55,60
Bai Yao Pu,1.0,4
Baka to Test to Shoukanjuu Specials,1.0,2
Boku no Hero Academia: Hero Note,0.6666666666666666,6
Ahiru no Sora,0.4805194805194805,77
Bokutachi wa Benkyou ga Dekinai: Nagisa ni Usemono Arite Senjin wa Enzen to [X] Suru,0.6666666666666666,3
Boku wa Tomodachi ga Sukunai Next,0.5057471264367817,87
Bokutachi wa Benkyou ga Dekinai,0.5735294117647058,68
Air,0.5506329113924051,158
ef: A Tale of Memories. - Recollections,0.0,0
Doraemon Movie 19: Nobita no Nankai Daibouken,0.0,1
Captain Tsubasa J,0.5,4
Doraemon Movie 32: Nobita to Kiseki no Shima - Animal Adventure,1.0,1
Code Geass: Boukoku no Akito 3 - Kagayaku Mono Ten yori Otsu,0.4444444444444444,9
Edomae Elf,0.8181818181818182,22
Galaxy Angel 3,0.6,5
"High School DxD New: Oppai, Tsutsumimasu!",1.0,4
High School DxD OVA,0.2,5
High School DxD Specials,0.8571428571428571,7
Hiyokoi,0.7,10
Helck,0.65625,32
Idol Time PriPara,0.0,3
Air Gear Special,0.5,2
Aikatsu!: Nerawareta Mahou no Aikatsu! Card,0.0,0
Imawa no Kuni no Alice,0.7058823529411765,17
Aiyou de Mishi,0.8181818181818182,11
Angel Heart,0.8888888888888888,9
Chuunibyou demo Koi ga Shitai! Lite,0.6,5
Digimon Adventure 02: Diablomon no Gyakushuu,1.0,2
Another: The Other - Inga,0.6923076923076923,26
Doraemon Movie 17: Nobita to Ginga Express,1.0,1
Dororo to Hyakkimaru,0.5,8
Doupo Cangqiong,0.42857142857142855,7
Gakuen Utopia Manabi Straight!,0.5333333333333333,15
Fullmetal Alchemist: The Sacred Star of Milos,0.5135135135135135,37
Goblin Slayer: Goblin's Crown,0.325,40
Hanamaru Youchien,0.7142857142857143,28
Hatsukoi Limited.,0.6774193548387096,31
Blend S,0.610062893081761,159
Kaitou Joker 2nd Season,1.0,1
Keroro Gunsou Movie 2: Shinkai no Princess de Arimasu!,1.0,1
Kidou Senshi Gundam SEED Special Edition,0.0,4
Inazuma Eleven Go: Chrono Stone,0.6,5
Kidou Keisatsu Patlabor,0.6666666666666666,15
Kimi no Hikari: Asagao to Kase-san.,0.6,5
Konjiki no Gash Bell!!: 101-banme no Mamono,0.0,1
Love Live! School Idol Festival All Stars,0.0,0
Kowarekake no Orgel (Movie),0.75,8
Kidou Tenshi Angelic Layer,0.6521739130434783,23
Imouto sae Ireba Ii.,0.5157894736842106,95
Mahoutsukai no Yome Recap,0.5,2
Maria-sama ga Miteru 3rd Specials,0.0,0
Maria-sama ga Miteru: Haru Specials,1.0,1
Mazinger Z,0.75,4
Mary to Majo no Hana,0.5490196078431373,51
Natsuyuki Rendezvous,0.55,40
Nerima Daikon Brothers,0.625,8
Owari no Seraph: The Beginning of the End,0.0,1
"Omoi, Omoware, Furi, Furare",0.30434782608695654,23
Phi Brain: Kami no Puzzle - Orpheus Order-hen,0.75,4
Persona 4 the Animation: The Factor of Hope,0.0,1
Otome Game no Hametsu Flag shika Nai Akuyaku Reijou ni Tensei shiteshimatta... X,0.36666666666666664,60
RideBack,0.625,32
Sabage-bu! Specials,0.0,1
Senjou no Valkyria 3: Tagatame no Juusou,0.5,4
Shikabane Hime: Kuro,0.5,14
Selection Project,0.5238095238095238,21
Shinpi no Sekai El-Hazard,0.8888888888888888,9
Rokka no Yuusha,0.49411764705882355,170
Shijou Saikyou no Deshi Kenichi Specials,0.0,1
Tsuki ga Kirei Special,0.8,5
Slayers: The Motion Picture,0.5555555555555556,9
Soukyuu no Fafner: Dead Aggressor,0.631578947368421,19
Utawarerumono: Itsuwari no Kamen,0.3939393939393939,33
Slayers Revolution,0.375,8
Solty Rei,0.4666666666666667,15
Tetsuwan Birdy Decode: The Cipher,0.2,5
Slow Loop,0.7307692307692307,26
To LOVE-Ru OVA,0.5555555555555556,9
Touhou Niji Sousaku Doujin Anime: Musou Kakyou,0.5,10
Tsurune: Kazemai Koukou Kyuudou-bu - Yabai,1.0,3
Wan Jie Xian Zong 2nd Season,0.0,0
Wu Shang Shen Di,0.0,2
Uzaki-chan wa Asobitai! Double,0.38235294117647056,34
Xue Ying Ling Zhu 3rd Season,0.0,1
"""Bungaku Shoujo"" Memoire",0.3333333333333333,3
Ajin Part 3: Shougeki,0.0,0
Ashita no Joe 2 (Movie),0.0,0
Bai Lian Cheng Shen 2nd Season,0.0,0
Appare-Ranman!,0.7073170731707317,41
Boku dake ga Inai Machi Recaps,0.5,4
Cyborg 009: The Cyborg Soldier,0.42857142857142855,7
Dae Jang Geum: Jang Geum's Dream 2,0.0,0
Blood Lad,0.5641025641025641,78
Girls & Panzer: Saishuushou Part 2 Specials,0.0,1
Bokura ga Ita,0.5585585585585585,111
Genjitsu Shugi Yuusha no Oukoku Saikenki,0.5531914893617021,94
Yuu☆Yuu☆Hakusho: Eizou Hakusho II,1.0,62
Gokushufudou,0.5222222222222223,180
IGPX: Immortal Grand Prix (2005) 2nd Season,1.0,1
Hana to Alice: Satsujin Jiken,0.64,25
Gun x Sword,0.6551724137931034,29
Hamatora The Animation,0.5306122448979592,49
Jashin-chan Dropkick': Chitose-hen,0.0,1
JoJo no Kimyou na Bouken Part 5: Ougon no Kaze Recaps,0.5,4
Kakumeiki Valvrave 2nd Season,0.5,18
Hetalia Axis Powers,0.6421052631578947,95
Kidou Senshi Gundam Thunderbolt: Bandit Flower,0.5714285714285714,7
Kobayashi-san Chi no OO Dragon,0.25,4
Kyoro-chan,0.0,0
Kyouran Kazoku Nikki,0.36363636363636365,11
Mahoutsukai Precure!,0.75,8
Matantei Loki Ragnarok,0.5,10
Meitantei Conan OVA 07: Agasa-sensei no Chousenjou! Agasa vs Conan & Shounen Tanteidan,1.0,1
Mononogatari,0.5333333333333333,15
"Ijiranaide, Nagatoro-san",0.5724907063197026,269
Nabari no Ou,0.5454545454545454,44
Nanatsu no Taizai: Mokushiroku no Yonkishi,0.75,8
Mnemosyne: Mnemosyne no Musume-tachi,0.6,80
Noblesse: Pamyeol-ui Sijak,0.4,5
One Piece: Adventure of Nebulandia,0.42857142857142855,7
Ou Dorobou Jing in Seventh Heaven,1.0,1
Pokemon (2019): Harukanaru Aoi Sora,0.8,5
Popee the Performer,0.4375,16
Papa no Iukoto wo Kikinasai!,0.6851851851851852,54
Precure Miracle Leap Movie: Minna to no Fushigi na Ichinichi,0.0,0
Sayonara Ginga Tetsudou 999: Andromeda Shuuchakueki,0.42857142857142855,7
Sei Juushi Bismarck,0.5,2
MÄR,0.6,10
